{
  "name": "firewall",
  "version": "0.11.6",
  "description": "Provides a set of primitives for managing firewalls and associated rules.",
  "long_description": "firewall Cookbook\n=================\n[![Build Status](https://secure.travis-ci.org/opscode-cookbooks/firewall.png?branch=master)](http://travis-ci.org/opscode-cookbooks/firewall)\n\nProvides a set of primitives for managing firewalls and associated rules.\n\nPLEASE NOTE - The resource/providers in this cookbook are under heavy development. An attempt is being made to keep the resource simple/stupid by starting with less sophisticated firewall implementations first and refactor/vet the resource definition with each successive provider.\n\n\nRequirements\n------------\n### Platform\n* Ubuntu\n* Debian\n\nTested on:\n* Ubuntu 10.04\n* Ubuntu 11.04\n* Ubuntu 11.10\n* Debian 7.0\n\n\nRecipes\n-------\n### default\nThe default recipe installs the `ufw` package, which this cookbook requires. Make sure that the firewall recipe is in the node or role run_list before any resources from this cookbook is used.\n\n\nResources/Providers\n-------------------\n### firewall\n#### Actions\n- :enable: *Default action* enable the firewall.  this will make any rules that have been defined 'active'.\n- :disable: disable the firewall. drop any rules and put the node in an unprotected state.\n\n#### Attribute Parameters\n- name: name attribute. arbitrary name to uniquely identify this resource\n- log_level: level of verbosity the firewall should log at. valid values are: :low, :medium, :high, :full. default is :low.\n\n#### Providers\n- `Chef::Provider::FirewallUfw`\n    - platform default: Ubuntu\n\n#### Examples\n\n```ruby\n# enable platform default firewall\nfirewall 'ufw' do\n  action :enable\nend\n\n# increase logging past default of 'low'\nfirewall 'debug firewalls' do\n  log_level :high\n  action    :enable\nend\n```\n\n### firewall_rule\n\n#### Actions\n- :allow: the rule should allow incoming traffic.\n- :deny: the rule should deny incoming traffic.\n- :reject: *Default action: the rule should reject incoming traffic.\n\n#### Attribute Parameters\n- name: name attribute. arbitrary name to uniquely identify this firewall rule\n- protocol: valid values are: :udp, :tcp. default is all protocols\n- port: incoming port number (ie. 22 to allow inbound SSH)\n- ports: array of incoming port numbers (ie. [80,443] to allow inbound HTTP & HTTPS). NOTE: `protocol` attribute is required with `ports`\n- port_range: range of incoming port numbers (ie. 60000..61000 to allow inbound mobile-shell. NOTE: `protocol` attribute is required with `port_range`\n- source: ip address or subnet to filter on incoming traffic. default is `0.0.0.0/0` (ie Anywhere)\n- destination: ip address or subnet to filter on outgoing traffic.\n- dest_port: outgoing port number.\n- position: position to insert rule at. if not provided rule is inserted at the end of the rule list.\n- direction: direction of the rule. valid values are: :in, :out, default is :in\n- interface: interface to apply rule (ie. 'eth0').\n- logging: may be added to enable logging for a particular rule. valid values are: :connections, :packets. In the ufw provider, :connections logs new connections while :packets logs all packets.\n\n#### Providers\n\n- `Chef::Provider::FirewallRuleUfw`\n    - platform default: Ubuntu\n\n#### Examples\n\n```ruby\n# open standard ssh port, enable firewall\nfirewall_rule 'ssh' do\n  port     22\n  action   :allow\n  notifies :enable, 'firewall[ufw]'\nend\n\n# open standard http port to tcp traffic only; insert as first rule\nfirewall_rule 'http' do\n  port     80\n  protocol :tcp\n  position 1\n  action   :allow\nend\n\n# restrict port 13579 to 10.0.111.0/24 on eth0\nfirewall_rule 'myapplication' do\n  port      13579\n  source    '10.0.111.0/24'\n  direction :in\n  interface 'eth0'\n  action    :allow\nend\n\n# open UDP ports 60000..61000 for mobile shell (mosh.mit.edu), note\n# that the protocol attribute is required when using port_range\nfirewall_rule 'mosh' do\n  protocol   :udp\n  port_range 60000..61000\n  action     :allow\nend\n\n# open multiple ports for http/https, note that the protocol\n# attribute is required when using ports\nfirewall_rule 'http/https' do\n  protocol :tcp\n  ports    [80, 443]\n  action   :allow\nend\n\nfirewall 'ufw' do\n  action :nothing\nend\n```\n\n\nDevelopment\n-----------\nThis section details \"quick development\" steps. For a detailed explanation, see [[Contributing.md]].\n\n1. Clone this repository from GitHub:\n\n        $ git clone git@github.com:opscode-cookbooks/firewall.git\n\n2. Create a git branch\n\n        $ git checkout -b my_bug_fix\n\n3. Install dependencies:\n\n        $ bundle install\n\n4. Make your changes/patches/fixes, committing appropiately\n5. **Write tests**\n6. Run the tests:\n    - `bundle exec foodcritic -f any .`\n    - `bundle exec rspec`\n    - `bundle exec rubocop`\n    - `bundle exec kitchen test`\n\n  In detail:\n    - Foodcritic will catch any Chef-specific style errors\n    - RSpec will run the unit tests\n    - Rubocop will check for Ruby-specific style errors\n    - Test Kitchen will run and converge the recipes\n\n\nLicense & Authors\n-----------------\n- Author:: Seth Chisamore (<schisamo@opscode.com>)\n\n```text\nCopyright:: Copyright (c) 2011 Opscode, Inc.\n\nLicensed under the Apache License, Version 2.0 (the \"License\");\nyou may not use this file except in compliance with the License.\nYou may obtain a copy of the License at\n\n    http://www.apache.org/licenses/LICENSE-2.0\n\nUnless required by applicable law or agreed to in writing, software\ndistributed under the License is distributed on an \"AS IS\" BASIS,\nWITHOUT WARRANTIES OR CONDITIONS OF ANY KIND, either express or implied.\nSee the License for the specific language governing permissions and\nlimitations under the License.\n```\n",
  "maintainer": "Opscode, Inc.",
  "maintainer_email": "cookbooks@opscode.com",
  "license": "Apache 2.0",
  "platforms": {
    "ubuntu": ">= 0.0.0"
  },
  "dependencies": {
  },
  "recommendations": {
  },
  "suggestions": {
  },
  "conflicting": {
  },
  "providing": {
  },
  "replacing": {
  },
  "attributes": {
  },
  "groupings": {
  },
  "recipes": {
  }
}