{
  "name": "php-fpm",
  "description": "Installs/Configures php-fpm",
  "long_description": "Description\n===========\n\nInstalls and configures PHP-FPM (FastCGI Process Manager), an alternative PHP FastCGI implementation with some additional features useful for sites of any size, especially busier sites.  It's like the `unicorn` of the PHP world dawg.\n\nRequirements\n============\n\nPlatform\n--------\n\n* Debian, Ubuntu\n* CentOS, Red Hat, Fedora\n* Amazon Linux\n\nCookbooks\n---------\n\n* apt (leverages apt_repository LWRP)\n* yum (leverages yum_repository LWRP)\n\nThe `apt_repository` and `yum_repository` LWRPs are used from these cookbooks to create the proper repository entries so the php-fpm package downloaded and installed.\n\nDescription\n==========\n\nCreates a PHP-FPM configuration file at the path specified.  Meant to be deployed with a service init scheme/supervisor such as runit.  Please see the `application::php-fpm` recipe for a complete working example. In depth information about PHP-FPM's configuration values can be [found in the PHP-FPM documentation](http://php-fpm.org/wiki/Configuration_File).\n\nUsage\n=====\nSimply include the recipe where you want PHP-FPM installed. Default pool __www__ will be created. To disable pool creation set default['php-fpm']['pools'] to false.\n\nTo customize settings and pools you can override default attributes.\n\n### Usage in roles:\n```ruby\nname \"php-fpm\"\ndescription \"php fpm role\"\nrun_list \"recipe[php-fpm]\"\noverride_attributes \"php-fpm\" => {\n\t\"pools\" => [\n\t\t{\n\t\t\t:name => \"default\"\n\t\t},\n\t\t{\n\t\t\t:name => \"www\",\n\t\t\t:cookbook => \"another-cookbook\",\n\t\t\t:process_manager => \"dynamic\",\n\t\t\t:max_requests => 5000,\n\t\t\t:php_options => { 'php_admin_flag[log_errors]' => 'on', 'php_admin_value[memory_limit]' => '32M' }\n\t\t}\n\t]\n}\n```\n\nCreating pools in recipes\n=========================\n### Create PHP-FPM pool named 'www' with default settings:\n```ruby\nphp_fpm_pool \"www\"\n```\n\n### Create PHP-FPM pool named 'www' with custom settings:\n```ruby\nphp_fpm_pool \"www\" do\n  cookbook \"another-cookbook\" # get template from another cookbook\n  process_manager \"dynamic\"\n  max_requests 5000\n  php_options 'php_admin_flag[log_errors]' => 'on', 'php_admin_value[memory_limit]' => '32M'\nend\n```\n\n### Delete PHP-FPM pool named 'www':\n```ruby\nphp_fpm_pool \"www\" do\n  enable false\nend\n```\n\nLicense and Author\n==================\n\nAuthor:: Seth Chisamore (<schisamo@opscode.com>)\n\nCopyright:: 2011, Opscode, Inc\n\nLicensed under the Apache License, Version 2.0 (the \"License\");\nyou may not use this file except in compliance with the License.\nYou may obtain a copy of the License at\n\n    http://www.apache.org/licenses/LICENSE-2.0\n\nUnless required by applicable law or agreed to in writing, software\ndistributed under the License is distributed on an \"AS IS\" BASIS,\nWITHOUT WARRANTIES OR CONDITIONS OF ANY KIND, either express or implied.\nSee the License for the specific language governing permissions and\nlimitations under the License.\n",
  "maintainer": "Opscode, Inc.",
  "maintainer_email": "cookbooks@opscode.com",
  "license": "Apache 2.0",
  "platforms": {
    "debian": ">= 0.0.0",
    "ubuntu": ">= 0.0.0",
    "centos": ">= 0.0.0",
    "redhat": ">= 0.0.0",
    "fedora": ">= 0.0.0",
    "amazon": ">= 0.0.0"
  },
  "dependencies": {
    "apt": ">= 0.0.0",
    "yum": ">= 0.0.0"
  },
  "recommendations": {
  },
  "suggestions": {
  },
  "conflicting": {
  },
  "providing": {
  },
  "replacing": {
  },
  "attributes": {
  },
  "groupings": {
  },
  "recipes": {
  },
  "version": "0.6.4"
}