{
  "name": "iptables",
  "version": "0.13.0",
  "description": "Sets up iptables to use a script to maintain rules",
  "long_description": "",
  "maintainer": "Opscode, Inc.",
  "maintainer_email": "cookbooks@opscode.com",
  "license": "Apache 2.0",
  "platforms": {
    "redhat": ">= 0.0.0",
    "centos": ">= 0.0.0",
    "debian": ">= 0.0.0",
    "ubuntu": ">= 0.0.0"
  },
  "dependencies": {
  },
  "recommendations": {
  },
  "suggestions": {
  },
  "conflicting": {
  },
  "providing": {
  },
  "replacing": {
  },
  "attributes": {
  },
  "groupings": {
  },
  "recipes": {
    "iptables": "Installs iptables and sets up .d style config directory of iptables rules"
  }
}