{
  "name": "mysql-chef_gem",
  "version": "0.0.2",
  "description": "Provides the mysql_chef_gem resource",
  "long_description": "",
  "maintainer": "Chef Software, Inc.",
  "maintainer_email": "cookbooks@getchef.com",
  "license": "Apache 2.0",
  "platforms": {
    "amazon": ">= 0.0.0",
    "redhat": ">= 0.0.0",
    "centos": ">= 0.0.0",
    "scientific": ">= 0.0.0",
    "fedora": ">= 0.0.0",
    "debian": ">= 0.0.0",
    "ubuntu": ">= 0.0.0",
    "smartos": ">= 0.0.0"
  },
  "dependencies": {
    "build-essential": ">= 0.0.0",
    "mysql": ">= 0.0.0"
  },
  "recommendations": {
  },
  "suggestions": {
  },
  "conflicting": {
  },
  "providing": {
  },
  "replacing": {
  },
  "attributes": {
  },
  "groupings": {
  },
  "recipes": {
  }
}