{"name":"ms_dotnet2","description":"Installs and configures Microsoft .NET Framework 2.0","long_description":"# Microsoft .NET Framework 2.0 Cookbook\n\n## Description\n\nInstalls Microsoft .NET Framework 2.0.\n\n## Requirements\n\n### Platforms\n\n* Windows XP\n* Windows Server 2003\n* Windows Server 2003R2\n* Windows Vista\n* Windows Server 2008\n* Windows Server 2008R2\n\nWindows versions newer than Server 2008R2 do not need to use this cookbook.\n\n### Cookbooks\n\n* windows\n\n# Attributes\n\nThese attributes are only applicable to Windows Server 2003R2, Server 2003, and XP. All other platforms will use Add/Remove Features.\n\n* `node['ms_dotnet2']['url']` - The URL of the Microsoft .NET Framework 2.0 SP2 installer.\n* `node['ms_dotnet2']['checksum']` - The checksum of the Microsoft .NET Framework 2.0 SP2 installer.\n\n## Recipes\n\n### default\n\nInstalls the .NET Framework 2.0 on applicable platforms, either using roles/features, or by downloading the executable from Microsoft directly.\n\nLicense & Authors\n-----------------\n\n* Author:: Julian C. Dunn (<jdunn@getchef.com>)\n\n```text\n\nCopyright:: 2014, Chef Software, Inc.\n\nLicensed under the Apache License, Version 2.0 (the \"License\");\nyou may not use this file except in compliance with the License.\nYou may obtain a copy of the License at\n\n    http://www.apache.org/licenses/LICENSE-2.0\n\nUnless required by applicable law or agreed to in writing, software\ndistributed under the License is distributed on an \"AS IS\" BASIS,\nWITHOUT WARRANTIES OR CONDITIONS OF ANY KIND, either express or implied.\nSee the License for the specific language governing permissions and\nlimitations under the License.\n```\n","maintainer":"Chef Software, Inc.","maintainer_email":"jdunn@getchef.com","license":"Apache 2.0","platforms":{"windows":">= 0.0.0"},"dependencies":{"windows":">= 0.0.0"},"recommendations":{},"suggestions":{},"conflicting":{},"providing":{},"replacing":{},"attributes":{},"groupings":{},"recipes":{},"version":"1.0.0"}